year,value
2002,0.01897172716467921
2003,0.02989299197043671
2004,0.015559300521092112
2005,0.017343498233303833
2006,0.024599870917354494
2007,0.004461992546417548
2008,0.0002633261874294135
2009,-0.06180778249852281
2010,0.032702052461178965
2011,0.012529044938021983
2012,-0.0211661745359617
2013,-0.03286262865621303
2014,-0.021089408916280306
