{
  "model":"sarima",
  "best_params":"{'order': (1, 0, 2), 'seasonal_order': (0, 0, 0, 0)}",
  "rmse_val":0.0271897748,
  "mae_val":0.0199890884,
  "mape_val":194.9614115767,
  "mbe_val":0.0010356017,
  "abs_mbe_val":0.0010356017,
  "rmse_val_orig":6301.9825273155,
  "mae_val_orig":5327.0893645523,
  "mape_val_orig":2.9093045138,
  "mbe_val_orig":-1038.5964853648,
  "abs_mbe_val_orig":1038.5964853648,
  "rmse_test":0.0310362391,
  "mae_test":0.0232011345,
  "mape_test":253.5831463495,
  "mbe_test":0.0021328343,
  "abs_mbe_test":0.0021328343,
  "aic":-207.2269008146,
  "aicc":-206.8459484337,
  "_rank_rmse_val":6301.9825273155,
  "_rank_mae_val":5327.0893645523
}