model,lookback,best_params,best_epoch,best_val_loss,rmse_val,mae_val,mape_val,mbe_val,abs_mbe_val,rmse_val_orig,mae_val_orig,mape_val_orig,mbe_val_orig,abs_mbe_val_orig,rmse_test,mae_test,mape_test,mbe_test,abs_mbe_test,rmse_test_orig,mae_test_orig,mape_test_orig,mbe_test_orig,abs_mbe_test_orig,rank_rmse_val,rank_abs_mbe_val,rank_rmse_test,rank_abs_mbe_test
mlp,12,"{'hidden_size': 16, 'activation': 'tanh', 'dropout': 0.0, 'batch_size': 32, 'learning_rate': 0.001, 'weight_decay': 0.0}",1,0.01698632724583149,0.11667837088045957,0.09916108361184156,39.31792543412125,0.03269505876781848,0.03269505876781848,7127.799214111189,6415.121047916196,2.553063140031498,5535.186054164306,5535.186054164306,0.43403579616529026,0.32381792649177016,43.81848428883986,0.32381792649177016,0.32381792649177016,66562.12955791585,50252.0200076004,16.56805872024932,50252.0200076004,50252.0200076004,7127.799214111189,5535.186054164306,66562.12955791585,50252.0200076004
lstm,6,"{'hidden_size': 16, 'num_layers': 1, 'dropout': 0.0, 'batch_size': 32, 'learning_rate': 0.001, 'weight_decay': 0.0}",180,0.01749066635966301,0.169752207991467,0.13682675706245334,53.33195054569353,0.0026193571933339718,0.0026193571933339718,7976.576085489165,5894.211892591712,2.33554591622118,-5757.362692953563,5757.362692953563,0.432280004266518,0.30390271557808635,41.99464381917187,0.2640520522985052,0.2640520522985052,51473.98322971706,35719.82141740353,11.826507184631438,32591.204466193616,32591.204466193616,7976.576085489165,5757.362692953563,51473.98322971706,32591.204466193616
