range,variance,std_dev,coefficient_of_variation,iqr
310702.0,12021895000.078165,109644.40250226259,0.8201764734281769,203562.0
