model,residual_mean,residual_std,ljung_box_lag,ljung_box_stat,ljung_box_pvalue
sarima,-0.001035601686532686,0.02791456833195868,6,6.273238519460376,0.3932881302881437
holt_winters,-0.0034424374939335833,0.029070049227311007,6,4.593359600605112,0.5969194819658092
