trend,seasonal,damped_trend,rmse_val,mae_val,mape_val,mbe_val,abs_mbe_val,rmse_val_orig,mae_val_orig,mape_val_orig,mbe_val_orig,abs_mbe_val_orig,aic,aicc,rank_rmse_val,rank_abs_mbe_val
add,None,False,0.019708249422446214,0.016395655747185017,140.0342918383614,0.01630652047561014,0.01630652047561014,36272.108467935315,30692.169630283894,11.922568225911375,30692.169630283894,30692.169630283894,-264.9736186196745,-263.2936186196745,36272.108467935315,30692.169630283894
add,None,True,0.021080931475477224,0.017960673568056428,148.42648263301692,0.017960673568056428,0.017960673568056428,39889.925538393894,33673.64257660772,13.071620951367786,33673.64257660772,33673.64257660772,-262.9408676958567,-260.6551534101424,39889.925538393894,33673.64257660772
None,None,False,0.029448329248382928,0.02732209619279709,197.6077043811739,0.02732209619279709,0.02732209619279709,62072.59960097271,51990.71300626601,20.13949260077015,51990.71300626601,51990.71300626601,-268.78493969070433,-268.01570892147356,62072.59960097271,51990.71300626601
