range,variance,std_dev,coefficient_of_variation,iqr
319129.0,11476134080.691366,107126.71973271358,1.207973981680991,178987.5
