{
  "model":"random_forest",
  "lookback":12,
  "feature_selection":"importance",
  "selected_features":"lag_1, lag_2, lag_3, lag_4, lag_5, lag_6",
  "n_selected_features":6,
  "best_params":"{'n_estimators': 200, 'max_depth': 6, 'min_samples_leaf': 1, 'random_state': 42, 'n_jobs': 1}",
  "rmse_val":0.0074920458,
  "mae_val":0.0065425966,
  "mape_val":44.6578523398,
  "mbe_val":0.0009480142,
  "abs_mbe_val":0.0009480142,
  "rmse_val_orig":2283.4288759079,
  "mae_val_orig":1866.556472987,
  "mape_val_orig":0.7435481722,
  "mbe_val_orig":1480.7744237884,
  "abs_mbe_val_orig":1480.7744237884,
  "rmse_test":0.039784367,
  "mae_test":0.0297698622,
  "mape_test":1112.83530729,
  "mbe_test":0.0296693651,
  "abs_mbe_test":0.0296693651,
  "rmse_test_orig":67253.4001480825,
  "mae_test_orig":51176.8514629458,
  "mape_test_orig":16.8707126527,
  "mbe_test_orig":51176.8514629458,
  "abs_mbe_test_orig":51176.8514629458,
  "rank_rmse_val":2283.4288759079,
  "rank_abs_mbe_val":1480.7744237884,
  "rank_rmse_test":67253.4001480825,
  "rank_abs_mbe_test":51176.8514629458
}