{
  "model":"gradient_boosting",
  "lookback":3,
  "feature_selection":"importance",
  "selected_features":"lag_1, lag_2, lag_3",
  "n_selected_features":3,
  "best_params":"{'n_estimators': 200, 'learning_rate': 0.1, 'max_depth': 2, 'random_state': 42}",
  "rmse_val":0.0108118843,
  "mae_val":0.0086889029,
  "mape_val":77.3160800251,
  "mbe_val":0.0014968242,
  "abs_mbe_val":0.0014968242,
  "rmse_val_orig":4731.7772686571,
  "mae_val_orig":4254.9318658808,
  "mape_val_orig":1.7235758594,
  "mbe_val_orig":3111.1966396528,
  "abs_mbe_val_orig":3111.1966396528,
  "rmse_test":0.0391440121,
  "mae_test":0.0286559669,
  "mape_test":1000.5890705998,
  "mbe_test":0.0256171516,
  "abs_mbe_test":0.0256171516,
  "rmse_test_orig":53449.2235973604,
  "mae_test_orig":37320.6808232877,
  "mape_test_orig":12.3513070247,
  "mbe_test_orig":36248.6662623252,
  "abs_mbe_test_orig":36248.6662623252,
  "rank_rmse_val":4731.7772686571,
  "rank_abs_mbe_val":3111.1966396528,
  "rank_rmse_test":53449.2235973604,
  "rank_abs_mbe_test":36248.6662623252,
  "overfitting_gap":48717.4463287033,
  "composite_score":29090.5004330087
}