model,residual_mean,residual_std,ljung_box_lag,ljung_box_stat,ljung_box_pvalue
sarima,-0.0020209210416137885,0.04155574802626495,6,13.926833641043148,0.030464237148475824
