{
  "model":"lstm",
  "lookback":6,
  "best_params":"{'hidden_size': 16, 'num_layers': 2, 'dropout': 0.0, 'batch_size': 32, 'learning_rate': 0.001, 'weight_decay': 0.0}",
  "best_epoch":77,
  "best_val_loss":0.0000143944,
  "rmse_val":0.0108866476,
  "mae_val":0.0104093554,
  "mape_val":1.0157185965,
  "mbe_val":-0.0104093554,
  "abs_mbe_val":0.0104093554,
  "rmse_val_orig":22651.6202873357,
  "mae_val_orig":21175.3773618238,
  "mape_val_orig":10.9431273268,
  "mbe_val_orig":-21175.3773618238,
  "abs_mbe_val_orig":21175.3773618238,
  "rmse_test":0.0239622365,
  "mae_test":0.0227457782,
  "mape_test":2.141142995,
  "mbe_test":-0.0227457782,
  "abs_mbe_test":0.0227457782,
  "rmse_test_orig":69020.7380485452,
  "mae_test_orig":64931.3324366767,
  "mape_test_orig":22.1982849846,
  "mbe_test_orig":-64931.3324366767,
  "abs_mbe_test_orig":64931.3324366767,
  "rank_rmse_test":69020.7380485452,
  "rank_abs_mbe_test":64931.3324366767
}