{
  "model":"lstm",
  "lookback":6,
  "best_params":"{'hidden_size': 8, 'num_layers': 1, 'dropout': 0.0, 'batch_size': 32, 'learning_rate': 0.001, 'weight_decay': 0.0}",
  "best_epoch":107,
  "best_val_loss":0.0000132601,
  "rmse_val":0.0159864809,
  "mae_val":0.0134540964,
  "mape_val":1.3082626008,
  "mbe_val":0.0133620498,
  "abs_mbe_val":0.0133620498,
  "rmse_val_orig":41396.8175688942,
  "mae_val_orig":33818.6340699627,
  "mape_val_orig":16.792690931,
  "mbe_val_orig":33665.7793885402,
  "abs_mbe_val_orig":33665.7793885402,
  "rmse_test":0.0093916152,
  "mae_test":0.006625096,
  "mape_test":0.6244008377,
  "mbe_test":0.006625096,
  "abs_mbe_test":0.006625096,
  "rmse_test_orig":33649.2637666077,
  "mae_test_orig":23138.3774714491,
  "mape_test_orig":8.0074804225,
  "mbe_test_orig":23138.3774714491,
  "abs_mbe_test_orig":23138.3774714491,
  "rank_rmse_val":41396.8175688942,
  "rank_abs_mbe_val":33665.7793885402,
  "rank_rmse_test":33649.2637666077,
  "rank_abs_mbe_test":23138.3774714491
}