{
  "model":"gradient_boosting",
  "lookback":12,
  "feature_selection":"importance",
  "selected_features":"lag_2, lag_1, lag_3, lag_6, lag_7, lag_10",
  "n_selected_features":6,
  "best_params":"{'n_estimators': 400, 'learning_rate': 0.1, 'max_depth': 3, 'random_state': 42}",
  "rmse_val":0.0001610127,
  "mae_val":0.0001224677,
  "mape_val":0.0010127749,
  "mbe_val":0.0000017357,
  "abs_mbe_val":0.0000017357,
  "rmse_val_orig":28.1800296841,
  "mae_val_orig":22.0624435325,
  "mape_val_orig":0.0122467924,
  "mbe_val_orig":0.0083933509,
  "abs_mbe_val_orig":0.0083933509,
  "rmse_test":0.2476418154,
  "mae_test":0.2323119949,
  "mape_test":1.8453416029,
  "mbe_test":-0.2323119949,
  "abs_mbe_test":0.2323119949,
  "rmse_test_orig":64470.1379291454,
  "mae_test_orig":59960.2926461231,
  "mape_test_orig":20.4316378999,
  "mbe_test_orig":-59960.2926461231,
  "abs_mbe_test_orig":59960.2926461231,
  "rank_rmse_test":64470.1379291454,
  "rank_abs_mbe_test":59960.2926461231
}