{
  "model":"random_forest",
  "lookback":12,
  "feature_selection":"importance",
  "selected_features":"lag_4, lag_1, lag_9, lag_6, lag_2, lag_3",
  "n_selected_features":6,
  "best_params":"{'n_estimators': 200, 'max_depth': None, 'min_samples_leaf': 1, 'random_state': 42, 'n_jobs': 1}",
  "rmse_val":0.0177937133,
  "mae_val":0.0150338151,
  "mape_val":113.0905208521,
  "mbe_val":0.0017003119,
  "abs_mbe_val":0.0017003119,
  "rmse_val_orig":6579.0139334092,
  "mae_val_orig":5025.791259436,
  "mape_val_orig":2.6701762893,
  "mbe_val_orig":4861.0894391318,
  "abs_mbe_val_orig":4861.0894391318,
  "rmse_test":0.0331627908,
  "mae_test":0.0234329232,
  "mape_test":347.3522808444,
  "mbe_test":0.0064322525,
  "abs_mbe_test":0.0064322525,
  "rmse_test_orig":25658.1494741104,
  "mae_test_orig":22438.8673420946,
  "mape_test_orig":7.7904535255,
  "mbe_test_orig":-15827.1381752529,
  "abs_mbe_test_orig":15827.1381752529,
  "rank_rmse_val":6579.0139334092,
  "rank_abs_mbe_val":4861.0894391318,
  "rank_rmse_test":25658.1494741104,
  "rank_abs_mbe_test":15827.1381752529
}