{
  "model":"gradient_boosting",
  "lookback":6,
  "feature_selection":"importance",
  "selected_features":"lag_1, lag_5, lag_3, lag_2, lag_4, lag_6",
  "n_selected_features":6,
  "best_params":"{'n_estimators': 300, 'learning_rate': 0.05, 'max_depth': 3, 'random_state': 42}",
  "rmse_val":0.0348762386,
  "mae_val":0.0270909867,
  "mape_val":144.7865735227,
  "mbe_val":0.00133464,
  "abs_mbe_val":0.00133464,
  "rmse_val_orig":7708.7066578173,
  "mae_val_orig":5945.2850866509,
  "mape_val_orig":3.0633251037,
  "mbe_val_orig":-456.6237121607,
  "abs_mbe_val_orig":456.6237121607,
  "rmse_test":0.0401657956,
  "mae_test":0.0261972861,
  "mape_test":336.7227621087,
  "mbe_test":0.0025790358,
  "abs_mbe_test":0.0025790358,
  "rmse_test_orig":72836.9866835877,
  "mae_test_orig":65171.8362608485,
  "mape_test_orig":22.0592642274,
  "mbe_test_orig":-65171.8362608485,
  "abs_mbe_test_orig":65171.8362608485,
  "rank_rmse_test":72836.9866835877,
  "rank_abs_mbe_test":65171.8362608485
}