{
  "model":"decision_tree",
  "lookback":12,
  "feature_selection":"importance",
  "selected_features":"lag_1, lag_2, lag_3, lag_7, lag_8, lag_9",
  "n_selected_features":6,
  "best_params":"{'max_depth': None, 'min_samples_leaf': 1, 'random_state': 42}",
  "rmse_val":0.0,
  "mae_val":0.0,
  "mape_val":0.0,
  "mbe_val":0.0,
  "abs_mbe_val":0.0,
  "rmse_val_orig":0.0000000001,
  "mae_val_orig":0.0000000001,
  "mape_val_orig":0.0,
  "mbe_val_orig":-0.0,
  "abs_mbe_val_orig":0.0,
  "rmse_test":0.1284851334,
  "mae_test":0.0871228904,
  "mape_test":964.1957380695,
  "mbe_test":0.0027248929,
  "abs_mbe_test":0.0027248929,
  "rmse_test_orig":193709.093034231,
  "mae_test_orig":176104.7952811747,
  "mape_test_orig":59.9077230029,
  "mbe_test_orig":-176104.7952811747,
  "abs_mbe_test_orig":176104.7952811747,
  "rank_rmse_val":0.0000000001,
  "rank_abs_mbe_val":0.0,
  "rank_rmse_test":193709.093034231,
  "rank_abs_mbe_test":176104.7952811747
}