{
  "model":"gradient_boosting",
  "lookback":12,
  "feature_selection":"importance",
  "selected_features":"lag_2, lag_1, lag_3, lag_6, lag_7, lag_10",
  "n_selected_features":6,
  "best_params":"{'n_estimators': 300, 'learning_rate': 0.05, 'max_depth': 3, 'random_state': 42}",
  "rmse_val":0.0058944172,
  "mae_val":0.003782643,
  "mape_val":0.0310161427,
  "mbe_val":-0.0022687232,
  "abs_mbe_val":0.0022687232,
  "rmse_val_orig":1236.298400788,
  "mae_val_orig":752.5815936952,
  "mape_val_orig":0.3768139254,
  "mbe_val_orig":-473.6349682082,
  "abs_mbe_val_orig":473.6349682082,
  "rmse_test":0.2464891488,
  "mae_test":0.2311206692,
  "mape_test":1.8358599531,
  "mbe_test":-0.2311206692,
  "abs_mbe_test":0.2311206692,
  "rmse_test_orig":64212.2222024106,
  "mae_test_orig":59691.6706746754,
  "mape_test_orig":20.3375391244,
  "mbe_test_orig":-59691.6706746754,
  "abs_mbe_test_orig":59691.6706746754,
  "rank_rmse_test":64212.2222024106,
  "rank_abs_mbe_test":59691.6706746754
}