year,value
1989,0.042870129045263994
1990,0.03431773147135786
1991,0.022242682573246242
1992,0.01943691914036272
1993,0.003930705671100654
1994,0.03262394370592503
1995,0.02880340480412613
1997,0.04131076412440926
1998,0.02773825271053809
1999,0.02452333197180323
2000,0.04404615324709482
2001,0.021855852312109292
