{
  "model":"mlp",
  "lookback":4,
  "best_params":"{'hidden_size': 8, 'activation': 'relu', 'dropout': 0.1, 'batch_size': 8, 'learning_rate': 0.001, 'weight_decay': 0.0}",
  "best_epoch":196,
  "best_val_loss":0.020391183,
  "rmse_val":0.1282065695,
  "mae_val":0.1032377824,
  "mape_val":47.2023294005,
  "mbe_val":-0.0226081212,
  "abs_mbe_val":0.0226081212,
  "rmse_val_orig":4563.511175293,
  "mae_val_orig":3945.7408004939,
  "mape_val_orig":1.5958843368,
  "mbe_val_orig":-3458.1859330967,
  "abs_mbe_val_orig":3458.1859330967,
  "rmse_test":0.4035186211,
  "mae_test":0.2921189524,
  "mape_test":39.3753627195,
  "mbe_test":0.2741160696,
  "abs_mbe_test":0.2741160696,
  "rmse_test_orig":53282.1099795832,
  "mae_test_orig":38654.4500520573,
  "mape_test_orig":12.7646434898,
  "mbe_test_orig":38536.5259149329,
  "abs_mbe_test_orig":38536.5259149329,
  "rank_rmse_val":4563.511175293,
  "rank_abs_mbe_val":3458.1859330967,
  "rank_rmse_test":53282.1099795832,
  "rank_abs_mbe_test":38536.5259149329
}