{
  "model":"mlp",
  "lookback":12,
  "best_params":"{'hidden_size': 16, 'activation': 'tanh', 'dropout': 0.0, 'batch_size': 32, 'learning_rate': 0.001, 'weight_decay': 0.0}",
  "best_epoch":1,
  "best_val_loss":0.0169863272,
  "rmse_val":0.1166783709,
  "mae_val":0.0991610836,
  "mape_val":39.3179254341,
  "mbe_val":0.0326950588,
  "abs_mbe_val":0.0326950588,
  "rmse_val_orig":7127.7992141112,
  "mae_val_orig":6415.1210479162,
  "mape_val_orig":2.55306314,
  "mbe_val_orig":5535.1860541643,
  "abs_mbe_val_orig":5535.1860541643,
  "rmse_test":0.4340357962,
  "mae_test":0.3238179265,
  "mape_test":43.8184842888,
  "mbe_test":0.3238179265,
  "abs_mbe_test":0.3238179265,
  "rmse_test_orig":66562.1295579158,
  "mae_test_orig":50252.0200076004,
  "mape_test_orig":16.5680587202,
  "mbe_test_orig":50252.0200076004,
  "abs_mbe_test_orig":50252.0200076004,
  "rank_rmse_val":7127.7992141112,
  "rank_abs_mbe_val":5535.1860541643,
  "rank_rmse_test":66562.1295579158,
  "rank_abs_mbe_test":50252.0200076004
}