year,yoy_change,local_median_change,residual_vs_local,rolling_mad,local_score,is_local_outlier
1960,5494.0,3706.0,1788.0,250.0,4.824023999980705,True
1975,-2323.0,5770.0,-8093.0,1011.0,-5.399335806127202,True
2000,12036.0,6911.0,5125.0,739.0,4.677689445189881,True
2009,-19122.0,1420.0,-20542.0,3512.0,-3.9452104214111774,True
