global_rank,model,best_params,rmse_val,mae_val,mape_val,mbe_val,abs_mbe_val,rmse_val_orig,mae_val_orig,mape_val_orig,mbe_val_orig,abs_mbe_val_orig,rmse_test,mae_test,mape_test,mbe_test,abs_mbe_test,aic,aicc,family,lookback,feature_selection,selected_features,n_selected_features,rmse_test_orig,mae_test_orig,mape_test_orig,mbe_test_orig,abs_mbe_test_orig,rank_rmse_val,rank_abs_mbe_val,rank_rmse_test,rank_abs_mbe_test,best_epoch,best_val_loss,rank_rmse_val_global,rank_abs_mbe_val_global
1,random_forest,"{'n_estimators': 200, 'max_depth': 6, 'min_samples_leaf': 1, 'random_state': 42, 'n_jobs': 1}",0.00749204578291169,0.006542596560161772,44.6578523397888,0.0009480141999037286,0.0009480141999037286,2283.4288759078713,1866.5564729870093,0.7435481722468775,1480.7744237883696,1480.7744237883696,0.039784367039907946,0.02976986217732275,1112.8353072899536,0.02966936505759695,0.02966936505759695,,,ml,12.0,importance,"lag_1, lag_2, lag_3, lag_4, lag_5, lag_6",6.0,67253.40014808251,51176.851462945844,16.870712652716254,51176.851462945844,51176.851462945844,2283.4288759078713,1480.7744237883696,67253.40014808251,51176.851462945844,,,2283.4288759078713,1480.7744237883696
2,mlp,"{'hidden_size': 16, 'activation': 'tanh', 'dropout': 0.0, 'batch_size': 32, 'learning_rate': 0.001, 'weight_decay': 0.0}",0.11667837088045957,0.09916108361184156,39.31792543412125,0.03269505876781848,0.03269505876781848,7127.799214111189,6415.121047916196,2.553063140031498,5535.186054164306,5535.186054164306,0.43403579616529026,0.32381792649177016,43.81848428883986,0.32381792649177016,0.32381792649177016,,,neural,12.0,,,,66562.12955791585,50252.0200076004,16.56805872024932,50252.0200076004,50252.0200076004,7127.799214111189,5535.186054164306,66562.12955791585,50252.0200076004,1.0,0.01698632724583149,7127.799214111189,5535.186054164306
3,sarima,"{'order': (2, 0, 2), 'seasonal_order': (0, 0, 0, 0)}",0.01300236590227307,0.010280981492889326,97.81585910369591,0.007099964789044064,0.007099964789044064,16675.810025361377,14295.104546096773,5.589320525160871,14220.655660540278,14220.655660540278,0.036795884969160884,0.02662349286939414,921.037549541909,0.02563403232317378,0.02563403232317378,-135.2858933327667,-134.33351238038574,statistical,,,,,,,,,,,,,,,,16675.810025361377,14220.655660540278
