{
  "model":"sarima",
  "best_params":"{'order': (2, 0, 3), 'seasonal_order': (0, 0, 0, 0)}",
  "rmse_val":0.0113751648,
  "mae_val":0.0087400139,
  "mape_val":81.6877410511,
  "mbe_val":0.0024056899,
  "abs_mbe_val":0.0024056899,
  "rmse_val_orig":7436.3518604996,
  "mae_val_orig":6523.8791298252,
  "mape_val_orig":2.6032702683,
  "mbe_val_orig":5898.5323773292,
  "abs_mbe_val_orig":5898.5323773292,
  "rmse_test":0.0347577779,
  "mae_test":0.0250226784,
  "mape_test":820.7569550553,
  "mbe_test":0.0223708908,
  "abs_mbe_test":0.0223708908,
  "aic":-132.3376519404,
  "aicc":-130.9828132307,
  "_rank_rmse_val":7436.3518604996,
  "_rank_mae_val":6523.8791298252
}