{
  "model":"decision_tree",
  "lookback":12,
  "feature_selection":"importance",
  "selected_features":"lag_1, lag_2, lag_3, lag_4, lag_5, lag_6",
  "n_selected_features":6,
  "best_params":"{'max_depth': 3, 'min_samples_leaf': 1, 'random_state': 42}",
  "rmse_val":0.011085272,
  "mae_val":0.0087823248,
  "mape_val":70.2182733857,
  "mbe_val":-0.0014751609,
  "abs_mbe_val":0.0014751609,
  "rmse_val_orig":3516.6301199573,
  "mae_val_orig":3177.0147753804,
  "mape_val_orig":1.3008301497,
  "mbe_val_orig":-2135.009594459,
  "abs_mbe_val_orig":2135.009594459,
  "rmse_test":0.037190945,
  "mae_test":0.0269454411,
  "mape_test":910.541476657,
  "mbe_test":0.0256743558,
  "abs_mbe_test":0.0256743558,
  "rmse_test_orig":55379.2989319703,
  "mae_test_orig":40939.3631349222,
  "mape_test_orig":13.5137810086,
  "mbe_test_orig":40939.3631349222,
  "abs_mbe_test_orig":40939.3631349222,
  "rank_rmse_test":55379.2989319703,
  "rank_abs_mbe_test":40939.3631349222
}