{
  "model":"gradient_boosting",
  "lookback":12,
  "feature_selection":"importance",
  "selected_features":"lag_4, lag_1, lag_9, lag_6, lag_2, lag_3",
  "n_selected_features":6,
  "best_params":"{'n_estimators': 300, 'learning_rate': 0.05, 'max_depth': 3, 'random_state': 42}",
  "rmse_val":0.0467759503,
  "mae_val":0.0344659239,
  "mape_val":468.5713055054,
  "mbe_val":0.0218643635,
  "abs_mbe_val":0.0218643635,
  "rmse_val_orig":51022.6052392677,
  "mae_val_orig":37098.3698324797,
  "mape_val_orig":17.8384772958,
  "mbe_val_orig":37048.9962583861,
  "abs_mbe_val_orig":37048.9962583861,
  "rmse_test":0.0333455457,
  "mae_test":0.0238680758,
  "mape_test":237.1699055798,
  "mbe_test":0.0066344371,
  "abs_mbe_test":0.0066344371,
  "rmse_test_orig":19894.6909586566,
  "mae_test_orig":18230.0303064554,
  "mape_test_orig":6.3585975242,
  "mbe_test_orig":-7506.2122132998,
  "abs_mbe_test_orig":7506.2122132998,
  "rank_rmse_test":19894.6909586566,
  "rank_abs_mbe_test":7506.2122132998
}