{
  "model":"gradient_boosting",
  "lookback":6,
  "feature_selection":"importance",
  "selected_features":"lag_1, lag_2, lag_3, lag_4, lag_6, lag_5",
  "n_selected_features":6,
  "best_params":"{'n_estimators': 400, 'learning_rate': 0.05, 'max_depth': 2, 'random_state': 42}",
  "rmse_val":0.0070124717,
  "mae_val":0.0057562653,
  "mape_val":47.9354215669,
  "mbe_val":0.0001242479,
  "abs_mbe_val":0.0001242479,
  "rmse_val_orig":1388.4829346954,
  "mae_val_orig":1138.7529680601,
  "mape_val_orig":0.4739280849,
  "mbe_val_orig":-639.3984091743,
  "abs_mbe_val_orig":639.3984091743,
  "rmse_test":0.0376304737,
  "mae_test":0.0271942699,
  "mape_test":1138.8862618237,
  "mbe_test":0.026101485,
  "abs_mbe_test":0.026101485,
  "rmse_test_orig":57364.5713063321,
  "mae_test_orig":42776.5440888815,
  "mape_test_orig":14.1165969027,
  "mbe_test_orig":42776.5440888815,
  "abs_mbe_test_orig":42776.5440888815,
  "rank_rmse_test":57364.5713063321,
  "rank_abs_mbe_test":42776.5440888815
}