{
  "model":"sarima",
  "best_params":"{'order': (1, 2, 2), 'seasonal_order': (0, 0, 0, 0)}",
  "rmse_val":0.0420280859,
  "mae_val":0.030404892,
  "mape_val":93.5430228917,
  "rmse_test":0.0411576136,
  "mae_test":0.0269661691,
  "mape_test":190.6569159665,
  "aic":-158.8228973159,
  "aicc":-158.4382819313
}