class_interval,absolute_frequency,relative_frequency
"(-318.13, 35459.778]",71,0.5419847328244275
"(35459.778, 70918.556]",9,0.06870229007633588
"(70918.556, 106377.333]",6,0.04580152671755725
"(106377.333, 141836.111]",4,0.030534351145038167
"(141836.111, 177294.889]",6,0.04580152671755725
"(177294.889, 212753.667]",11,0.08396946564885496
"(212753.667, 248212.444]",6,0.04580152671755725
"(248212.444, 283671.222]",6,0.04580152671755725
"(283671.222, 319130.0]",12,0.0916030534351145
