use_log1p,power_exponent,diff_order,scale_method,adf_pvalue_train,kpss_pvalue_train,adf_stationary_train,kpss_stationary_train,abs_mbe_zero_val,abs_mbe_zero_val_orig,best_order,best_seasonal_order,aicc_best,rmse_val_backtest,mae_val_backtest,mbe_val_backtest,abs_mbe_val_backtest,rmse_val_orig_backtest,mae_val_orig_backtest,mbe_val_orig_backtest,abs_mbe_val_orig_backtest,has_orig_backtest,rank_rmse_backtest,rank_abs_mbe_backtest,score_backtest,backtest_lambda,drift_guard_threshold,drift_guard_excluded,rank_backtest
False,,0,none,1.0,0.01,False,False,244753.25,,"(0, 0, 0)","(0, 0, 0, 0)",1471.5320136595565,245864.78992442845,244753.25,-244753.25,244753.25,,,,,False,inf,inf,inf,0.5,2000.0,False,3.0
False,,1,none,0.00038612006272480256,0.01,True,False,6919.833333333333,,"(0, 0, 0)","(0, 0, 0, 0)",1111.4705721363835,7438.140907959909,6919.833333333333,-6919.833333333333,6919.833333333333,,,,,False,inf,inf,inf,0.5,2000.0,False,3.0
True,,1,none,4.989482997300398e-07,0.1,True,True,0.028641655898111445,42299.250000000095,"(1, 0, 0)","(0, 0, 0, 0)",-102.13521797508596,0.026793551559651026,0.024480914373596115,-0.024480914373596115,0.024480914373596115,39699.48468781957,32812.617519612824,-32812.617519612824,32812.617519612824,True,39699.48468781957,32812.617519612824,56105.79344762598,0.5,2000.0,False,1.0
True,,2,none,4.2432329179326785e-07,0.1,True,True,0.0023272397165946166,39204.239252338884,"(0, 0, 0)","(0, 0, 0, 0)",-86.32959281720915,0.01465571720869499,0.012447809488327799,0.0023272397165946166,0.0023272397165946166,46766.16502848929,39204.239252338884,39204.239252338884,39204.239252338884,True,46766.16502848929,39204.239252338884,66368.28465465872,0.5,2000.0,True,2.0
